{"cameraMode":{"drawMode":0,"name":"Shaded","section":"Shading Mode"},"sceneLighting":true,"audioPlay":false,"sceneViewState":{"m_AlwaysRefresh":false,"showFog":true,"showSkybox":true,"showFlares":true,"showImageEffects":true,"showParticleSystems":true,"showVisualEffectGraphs":true,"m_FxEnabled":true},"in2DMode":false,"pivot":{"x":198.0474395751953,"y":5.3650054931640629,"z":154.85081481933595},"rotation":{"x":0.06244448944926262,"y":0.910449743270874,"z":-0.14935576915740968,"w":0.38064202666282656},"size":1.5179545879364014,"orthographic":true}